,,,,,,
,Away_Team,Home_Team,Away_Score,Home_Score,,
,DL,KC,21,20,,
,ATL,CAR,10,24,,
,CIN,CLE,3,24,,
,JAX,IND,31,21,,
,TB,MIN,20,17,,
,TEN,NO,15,16,,
,SF,PIT,30,7,,
,ARI,WAS,16,20,,
,HOU,BAL,9,25,,
,GB,CHI,38,20,,
,LAV,DEN,17,16,,
,PHI,NE,25,20,,
,MIA,LAC,36,34,,
,LAR,SEA,30,13,,
,DAL,NYG,40,0,,
,BUF,NYJ,16,22,,
,MIN,PHI,28,34,,
,GB,ATL,24,25,,
,LAV,BUF,10,38,,
,BAL,CIN,27,24,,
,SEA,DL,37,31,,
,LAC,TEN,24,27,,
,CHI,TB,17,27,,
,KC,JAX,17,9,,
,IND,HOU,31,20,,
,SF,LAR,30,23,,
,NYG,ARI,31,28,,
,NYJ,DAL,10,30,,
,WAS,DEN,35,33,,
,MIA,NE,24,17,,
,NO,CAR,20,17,,
,CLE,PIT,22,26,,
,NYG,SF,12,30,,
,TEN,CLE,3,27,,
,ATL,DL,6,20,,
,NO,GB,17,18,,
,DEN,MIA,20,70,,
,LAC,MIN,28,24,,
,NE,NYJ,15,10,,
,BUF,WAS,37,3,,
,HOU,JAX,37,17,,
,IND,BAL,22,19,,
,CAR,SEA,27,37,,
,CHI,KC,10,41,,
,DAL,ARI,16,28,,
,PIT,LAV,23,18,,
,PHI,TB,25,11,,
,LAR,CLE,16,19,,
,DL,GB,34,20,,
,ATL,JAX,7,23,,
,MIA,BUF,20,48,,
,DEN,CHI,31,28,,
,BAL,CLE,28,3,,
,CLE,TEN,3,27,,
,LAR,IND,29,23,,
,TB,NO,26,9,,
,WAS,PHI,31,34,,
,MIN,CAR,21,13,,
,PIT,HOU,6,30,,
,LAV,LAC,17,24,,
,NE,DAL,3,38,,
,ARI,SF,16,34,,
,KC,NYJ,23,20,,
,SEA,NYG,24,3,,
,CHI,WAS,40,20,,
,JAX,BUF,25,20,,
,HOU,ATL,19,21,,
,CAR,DL,24,42,,
,TEN,IND,16,23,,
,NYG,MIA,16,31,,
,NO,NE,34,0,,
,BAL,PIT,10,17,,
,PHI,LAR,23,14,,
,CIN,ARI,34,20,,
,NYJ,DEN,31,21,,
,KC,MIN,27,20,,
,DAL,SF,10,42,,
,GB,LAV,13,17,,
,DEN,KC,8,19,,
,BAL,TEN,24,16,,
,WAS,ATL,24,16,,
,MIN,CHI,19,13,,
,SEA,CIN,13,17,,
,SF,CLE,17,19,,
,CAR,MIA,21,42,,
,IND,JAX,20,37,,
,NO,HOU,13,20,,
,NE,LAV,17,21,,
,ARI,LAR,9,26,,
,PHI,NYJ,14,20,,
,DL,TB,20,6,,
,NYG,BUF,9,14,,
,DAL,LAC,20,17,,
,JAX,NO,31,24,,
,LAV,CHI,12,30,,
,BLE,IND,39,38,,
,BUF,NE,25,29,,
,WAS,NYG,7,14,,
,ATL,TB,16,13,,
,DL,BAL,6,38,,
,PIT,LAR,24,17,,
,ARI,SEA,10,20,,
,GB,DEN,17,19,,
,LAC,KC,17,31,,
,MIA,PHI,17,31,,
,SF,MIN,17,22,,
,TB,BUF,18,24,,
,LAR,DAL,20,43,,
,MIN,GB,24,10,,
,ATL,TEN,23,28,,
,NO,IND,38,27,,
,NE,MIA,17,31,,
,NYJ,NYG,13,10,,
,JAX,PIT,20,10,,
,PHI,WAS,38,31,,
,HOU,CAR,13,15,,
,CLE,SEA,20,24,,
,KC,DEN,9,24,,
,BAL,ARI,31,24,,
,CIN,SF,31,17,,
,CHI,LAC,13,30,,
,LAV,DL,14,26,,
,TEN,PIT,16,20,,
,MIA,KC,14,21,,
,MIN,ATL,31,28,,
,ARI,CLE,0,27,,
,LAR,GB,3,20,,
,WAS,NE,20,17,,
,CHI,NO,17,24,,
,SEA,BAL,3,37,,
,TB,HOU,37,39,,
,IND,CAR,27,13,,
,NYG,LAV,6,30,,
,DAL,PHI,23,28,,
,BUF,CIN,18,24,,
,LAC,NYJ,27,6,,
,CAR,CHI,13,16,,
,IND,NE,10,6,,
,HOU,CIN,30,27,,
,NO,MIN,19,27,,
,GB,PIT,19,23,,
,TEN,TB,6,20,,
,SF,JAX,34,3,,
,CLE,BAL,33,31,,
,ATL,ARI,23,25,,
,DL,LAC,41,38,,
,NYG,DAL,17,49,,
,WAS,SEA,26,29,,
,NYJ,LAV,12,16,,
,DEN,BUF,24,22,,
,BEN,BAL,20,34,,
,PIT,CLE,10,13,,
,CHI,DL,26,31,,
,LAC,GB,20,23,,
,LAV,MIA,13,20,,
,NYG,WAS,31,19,,
,DAL,CAR,33,10,,
,TEN,JAX,14,34,,
,ARI,HOU,16,21,,
,TB,SF,14,27,,
,NYJ,BUF,6,32,,
,SEA,LAR,16,17,,
,MIN,DEN,20,21,,
,PHI,KC,21,17,,
,GB,DL,29,22,,
,WAS,DAL,10,45,,
,SF,SEA,31,13,,
,MIA,NYJ,34,13,,
,NO,ATL,15,24,,
,PIT,CIN,16,10,,
,CAR,TEN,10,17,,
,TB,IND,20,27,,
,NE,NYG,7,10,,
,JAX,HOU,24,21,,
,CLE,DEN,12,29,,
,LAR,ARI,37,14,,
,KC,LAV,31,17,,
,BUF,PHI,34,37,,
,BAL,LAC,20,10,,
,CHI,MIN,12,10,,
,SEA,DAL,35,41,,
,IND,TEN,31,28,,
,LAC,NE,6,0,,
,DL,NO,33,28,,
,ATL,NYJ,13,8,,
,ARI,PIT,24,10,,
,MIA,WAS,45,15,,
,DEN,HOU,17,22,,
,CAR,TB,18,21,,
,CLE,LAR,19,36,,
,SF,PHI,42,19,,
,KC,GB,19,27,,
,BEN,JAX,34,31,,
,NE,PIT,21,18,,
,TB,ATL,29,25,,
,DL,CHI,13,28,,
,IND,CIN,14,34,,
,JAX,CLE,27,31,,
,CAR,NO,6,28,,
,HOU,NYJ,6,30,,
,LAR,BAL,31,37,,
,MIN,LAV,3,0,,
,SEA,SF,16,28,,
,BUF,KC,20,17,,
,DEN,LAC,24,7,,
,PHI,DAL,13,33,,
,TEN,MIA,28,27,,
,GB,NYG,22,24,,
,LAC,LAV,21,63,,
,MIN,CIN,24,27,,
,PIT,IND,13,30,,
,DEN,DL,17,42,,
,CHI,CLE,17,20,,
,TB,GB,34,20,,
,HOU,TEN,19,16,,
,NYJ,MIA,0,30,,
,KC,NE,27,17,,
,NYG,NO,6,24,,
,ATL,CAR,7,9,,
,WAS,LAR,20,28,,
,SF,ARI,45,29,,
,DAL,BUF,10,31,,
,BAL,JAX,23,7,,
,PHI,SEA,17,20,,
,NO,LAR,22,30,,
,CIN,PIT,11,34,,
,BUF,LAC,24,22,,
,IND,ATL,10,29,,
,SEA,TEN,20,17,,
,DL,MIN,30,24,,
,WAS,NYJ,28,30,,
,GB,CAR,33,30,,
,CLE,HOU,36,22,,
,JAX,TB,12,30,,
,ARI,CHI,16,27,,
,DAL,MIA,20,22,,
,NE,DEN,26,23,,
,LAV,KC,20,14,,
,NYG,PHI,25,33,,
,BAL,SF,33,19,,
,NYJ,CLE,20,37,,
,DL,DAL,19,21,,
,NE,BUF,21,27,,
,ATL,CHI,17,37,,
,LAV,IND,20,23,,
,LAR,NYG,26,25,,
,ARI,PHI,35,31,,
,NO,TB,23,13,,
,SF,WAS,27,10,,
,CAR,JAX,0,26,,
,MIA,BAL,19,56,,
,TEN,HOU,3,26,,
,PIT,SEA,30,23,,
,LAC,DEN,9,16,,
,CIN,KC,17,25,,
,GB,MIN,33,10,,